{
	"participant" : [{ 
					"name":"John",
                    	"points": "20"},
                    	{ "name":"Dev",
                    		"points": "40"},
	                    	{ "name":"Joy",
                    			"points": "70"},
		                    	{ "name":"Stephen",
                    			"points": "60"},
			                    	{ "name":"Damon",
                    				"points": "10"},
                    					{ "name":"Roy",
                    					  	"points": "100"},
                    						{ "name":"Harry",
                    							"points": "65"},
                    							{ "name":"Tom",
                    								"points": "30"},
                    								{ "name":"Liam",
                    									"points": "10"},
                    								{ "name":"Louis",
                    									"points": "50"},
                    									{ "name":"Zian",
                    										"points": "80"},
                    										{ "name":"Nick",
                    											"points": "92"}

                   	 ]}