{
	"matches": [{
		"name": "Match 1",
		"team1": "Sunrisers Hyderabad",
		"team2": "Royal Challengers Bangalore",
		"date": "7/14/2017",
		"type" : "normal",
		"win_score": "10",
		"lose_score":"-5"
	}, {
		"name": "Match 2",
		"team1": "Rising Pune Supergiant",
		"team2": "Mumbai Indians",
		"date":"Fri Jul 14 2017 11:06:17 GMT+0530 (India Standard Time)",
		"type" : "powerplay",
		"win_score": "25",
		"lose_score":"-10"
	}, {
		"name": "Match 3",
		"team1": "Gujarat Lions",
		"team2": "Kolkata Knight Riders",
		"date":"Mon Jul 17 2017 11:06:17 GMT+0530 (India Standard Time)",
		"type" : "freehit",
		"win_score": "50",
		"lose_score":"0"
	}, {
		"name": "Match 4",
		"team1": "Kings XI Punjab",
		"team2": "Rising Pune Supergiant",
		"date":"Wed Jul 19 2017 11:06:17 GMT+0530 (India Standard Time)",
		"type" : "googly",
		"win_score": "0",
		"lose_score":"0"
	}]
}